INSERT INTO Authors (AuthorID,Name) VALUES (1,'Gillian Flynn');
INSERT INTO Authors (AuthorID,Name) VALUES (2,'Agatha Christie');
INSERT INTO Authors (AuthorID,Name) VALUES (3,'Nicola Yoon');
INSERT INTO Authors (AuthorID,Name) VALUES (4,'Heather Morris');
INSERT INTO Authors (AuthorID,Name) VALUES (5,'Stephen Hawking');
INSERT INTO Authors (AuthorID,Name) VALUES (6,'Michelle Obama');
INSERT INTO Authors (AuthorID,Name) VALUES (7,'Sigmund Freud');
INSERT INTO Authors (AuthorID,Name) VALUES (8,'Ray Bradbury');
INSERT INTO Authors (AuthorID,Name) VALUES (9,'J.K. Rowling');
INSERT INTO Authors (AuthorID,Name) VALUES (10,'Stephen King');
INSERT INTO Authors (AuthorID,Name) VALUES (11,'John Saul');

INSERT INTO Genres (GenreID,Name) VALUES (1,'Science Fiction');
INSERT INTO Genres (GenreID,Name) VALUES (2,'Drama');
INSERT INTO Genres (GenreID,Name) VALUES (3,'Action and adventure');
INSERT INTO Genres (GenreID,Name) VALUES (4,'Romance');
INSERT INTO Genres (GenreID,Name) VALUES (5,'Mystery');
INSERT INTO Genres (GenreID,Name) VALUES (6,'Horror');
INSERT INTO Genres (GenreID,Name) VALUES (7,'Health');
INSERT INTO Genres (GenreID,Name) VALUES (8,'Biography');
INSERT INTO Genres (GenreID,Name) VALUES (9,'Fantasy');
INSERT INTO Genres (GenreID,Name) VALUES (10,'History');
INSERT INTO Genres (GenreID,Name) VALUES (11,'Science');
INSERT INTO Genres (GenreID,Name) VALUES (12,'Humour');
INSERT INTO Genres (GenreID,Name) VALUES (13,'Crime');
INSERT INTO Genres (GenreID,Name) VALUES (14,'Poetry');
INSERT INTO Genres (GenreID,Name) VALUES (15,'Graphic Novels');
INSERT INTO Genres (GenreID,Name) VALUES (16,'Thriller');
INSERT INTO Genres (GenreID,Name) VALUES (17,'Spirituality');
INSERT INTO Genres (GenreID,Name) VALUES (18,'Religion');
INSERT INTO Genres (GenreID,Name) VALUES (19,'Philosophy');
INSERT INTO Genres (GenreID,Name) VALUES (20,'Paranormal');
INSERT INTO Genres (GenreID,Name) VALUES (21,'Memoir');

INSERT INTO Students (StudentID,Name,Birthdate,Class) VALUES (1,'Lucia Vasile','1999-10-27',30322);
INSERT INTO Students (StudentID,Name,Birthdate,Class) VALUES (2,'Iosif Popa','1999-12-19',30322);
INSERT INTO Students (StudentID,Name,Birthdate,Class) VALUES (3,'Claudia Ungur','1999-05-17',30321);
INSERT INTO Students (StudentID,Name,Birthdate,Class) VALUES (4,'Denisa Iliescu','1999-08-27',30311);
INSERT INTO Students (StudentID,Name,Birthdate,Class) VALUES (5,'Maria Lungu','1999-09-17',30312);
INSERT INTO Students (StudentID,Name,Birthdate,Class) VALUES (6,'Mircea Nicolescu','1998-06-20',30332);
INSERT INTO Students (StudentID,Name,Birthdate,Class) VALUES (7,'Stela Lupu','1997-09-26',30333);
INSERT INTO Students (StudentID,Name,Birthdate,Class) VALUES (8,'Petre Petrescu','1999-08-08',30323);
INSERT INTO Students (StudentID,Name,Birthdate,Class) VALUES (9,'Luca Stan','1998-10-10',30313);
INSERT INTO Students (StudentID,Name,Birthdate,Class) VALUES (10,'Izabela Radu','1999-05-17',30323);
INSERT INTO Students (StudentID,Name,Birthdate,Class) VALUES (11,'Lucian Constantinescu','2000-01-25',30321);
INSERT INTO Students (StudentID,Name,Birthdate,Class) VALUES (12,'Luiza Pop','2001-07-13',30311);
INSERT INTO Students (StudentID,Name,Birthdate,Class) VALUES (13,'Ionela Stoica','1997-06-25',30331);

INSERT INTO Books (BookID,Title,NoPages,AuthorID,GenreID) VALUES (1,'Gone Girl',415,1,5);
INSERT INTO Books (BookID,Title,NoPages,AuthorID,GenreID) VALUES (2,'The Clocks',319,2,5);
INSERT INTO Books (BookID,Title,NoPages,AuthorID,GenreID) VALUES (3,'The Sun Is Also a Star',384,3,4);
INSERT INTO Books (BookID,Title,NoPages,AuthorID,GenreID) VALUES (4,'The Tattooist of Auschwitz',262,4,10);
INSERT INTO Books (BookID,Title,NoPages,AuthorID,GenreID) VALUES (5,'The Grand Design',168,5,11);
INSERT INTO Books (BookID,Title,NoPages,AuthorID,GenreID) VALUES (6,'Becoming',426,6,8);
INSERT INTO Books (BookID,Title,NoPages,AuthorID,GenreID) VALUES (7,'The Interpretation of Dreams',630,7,12);
INSERT INTO Books (BookID,Title,NoPages,AuthorID,GenreID) VALUES (8,'Fahrenheit 451',194,8,1);
INSERT INTO Books (BookID,Title,NoPages,AuthorID,GenreID) VALUES (9,'Harry Potter and the Chamber of Secrets',341,9,9);
INSERT INTO Books (BookID,Title,NoPages,AuthorID,GenreID) VALUES (10,'It',1116,10,6);
INSERT INTO Books (BookID,Title,NoPages,AuthorID,GenreID) VALUES (11,'Duma Key',611,10,6);
INSERT INTO Books (BookID,Title,NoPages,AuthorID,GenreID) VALUES (12,'And Then There Were None',264,2,16);

INSERT INTO Borrows (BorrowID,StudentID,BookId,BorrowDate,DueDate,ReturnDate) VALUES (1,2,7,'2020-03-10','2020-03-24','2020-03-20');
INSERT INTO Borrows (BorrowID,StudentID,BookId,BorrowDate,DueDate,ReturnDate) VALUES (2,1,9,'2020-03-22','2020-04-05','2020-04-02');
INSERT INTO Borrows (BorrowID,StudentID,BookId,BorrowDate,DueDate,ReturnDate) VALUES (3,3,5,'2020-03-22','2020-04-05','2020-04-04');
INSERT INTO Borrows (BorrowID,StudentID,BookId,BorrowDate,DueDate,ReturnDate) VALUES (4,10,3,'2020-03-25','2020-04-01','2020-03-31');
INSERT INTO Borrows (BorrowID,StudentID,BookId,BorrowDate,DueDate,ReturnDate) VALUES (5,6,8,'2020-04-04','2020-04-18','2020-04-10');
INSERT INTO Borrows (BorrowID,StudentID,BookId,BorrowDate,DueDate,ReturnDate) VALUES (6,5,1,'2020-04-15','2020-04-29','2020-04-26');
INSERT INTO Borrows (BorrowID,StudentID,BookId,BorrowDate,DueDate,ReturnDate) VALUES (7,7,2,'2020-04-28','2020-05-12','2020-05-10');
INSERT INTO Borrows (BorrowID,StudentID,BookId,BorrowDate,DueDate,ReturnDate) VALUES (8,9,6,'2020-04-30','2020-05-14','2020-05-14');
INSERT INTO Borrows (BorrowID,StudentID,BookId,BorrowDate,DueDate,ReturnDate) VALUES (9,4,10,'2020-05-01','2020-05-15','2020-05-14');
INSERT INTO Borrows (BorrowID,StudentID,BookId,BorrowDate,DueDate,ReturnDate) VALUES (10,8,4,'2020-05-08','2020-05-22','2020-05-22');
INSERT INTO Borrows (BorrowID,StudentID,BookId,BorrowDate,DueDate) VALUES (11,12,11,'2020-05-25','2020-06-08');
INSERT INTO Borrows (BorrowID,StudentID,BookId,BorrowDate,DueDate) VALUES (12,11,12,'2020-05-30','2020-06-13');